序号,名字,国家,类型,时间,地址
161,性趣厚-希あや-最新HEYZO0749-HamarsWorld19～,日本地区,亚洲风情,2014-12-26,xfplay://dna=ExjgEGp4A0L2m0HZEweWAdH1EGIbmdiXDwubAZbdDGH1DxLXEGjemD|dx=625156268|mz=heyzo_hd_0749_full.rmvb|zx=nhE0pdOVl2DXlwIZrNxUL29TBwxWBdaVrgMSnJ5R|zx=nhE0pdOVl3uzlwIXqJX1lzAVoGO5mdtWl3uzogyUnW
161,非日常的提拔的女演淫乱星野あかりAVS-MUSEUM100150,日本地区,制服丝袜,2014-12-26,xfplay://dna=AdygEdubmwDWmdL5Ewm3DwIfDxD0BHHXDxIbEdm1Bee5Dxi1mwjcEt|dx=298963731|mz=AVS-MUSEUM100150.rmvb|zx=nhE0pdOVl2DXlwIZrNxUL29TBwxWBdaVrgMSnJ5R|zx=nhE0pdOVl3uzlwIXqJX1lzAVoGO5mdtWl3uzogyUnW
161,刊MAJIONA78那-最新gachin娘!gachip260,日本地区,亚洲风情,2014-12-26,xfplay://dna=EeAgmGbcmZp4mGIeAHi5EGfgmZEbmwx1A0D1BdMgDGHZAZAfDZycAD|dx=151645312|mz=gachip260.rmvb|zx=nhE0pdOVl2DXlwIZrNxUL29TBwxWBdaVrgMSnJ5R|zx=nhE0pdOVl3uzlwIXqJX1lzAVoGO5mdtWl3uzogyUnW
161,大3P的-加勒比040110-336,日本地区,亚洲风情,2014-12-26,xfplay://dna=D0fgEGL1mxeYDZx1AxeZBGpWEweXBGx5AxMdAdL0EGa0EweXmGp3AD|dx=256195971|mz=040110-336-carib-720p.rmvb|zx=nhE0pdOVl2DXlwIZrNxUL29TBwxWBdaVrgMSnJ5R|zx=nhE0pdOVl3uzlwIXqJX1lzAVoGO5mdtWl3uzogyUnW
161,加藤不家族7後-加勒比033110-335,日本地区,亚洲风情,2014-12-26,xfplay://dna=AGqbEGjdm0fcEGH3D0AeDwMeAwubBGm2BdmYEGp2mwD2mwt2mee1Et|dx=324310479|mz=033110-335-carib-720p.rmvb|zx=nhE0pdOVl2DXlwIZrNxUL29TBwxWBdaVrgMSnJ5R|zx=nhE0pdOVl3uzlwIXqJX1lzAVoGO5mdtWl3uzogyUnW
161,坂本麻弥流肉便器Tokyo-Hotn0615,日本地区,强奸乱伦,2014-12-26,xfplay://dna=AwycAwyeDwmZBdtWEGt1DHi0BdHXAdjcBdEdAweXmZfeAZa5DGqbAt|dx=558394507|mz=n0615.rmvb|zx=nhE0pdOVl2DYlwIZrNxUozI0BwxWBdaVrgMSnJ5R|zx=nhE0pdOVl3uzAdeUAKf1ohHUL29TBwxWBdaVrgMSnJ5R
161,最高偶像中出！河西あみHEYZO0667,日本地区,制服丝袜,2014-12-26,xfplay://dna=Ede1ExfcmZAfBdi3EHfemHL3ExjdAwmWDHL1m0m5Awe4mGH2DwAdAa|dx=425148153|mz=heyzo_hd_0667_full.rmvb|zx=nhE0pdOVl2DYlwIZrNxUozI0BwxWBdaVrgMSnJ5R|zx=nhE0pdOVl3uzAdeUAKf1ohHUL29TBwxWBdaVrgMSnJ5R
161,好朋友穿著女情相好女仆2人的爱爱的时间1000人121116yukarikiku,日本地区,制服丝袜,2014-12-26,xfplay://dna=A0e3AGAgm0H4m0m3AGAcBeEbBHIbmwt5mGD3Bda5D0D2EeHXAei4AD|dx=143287774|mz=1000人121116.rmvb|zx=nhE0pdOVl2DZlwIZrNxUozI0BwxWBdaVrgMSnJ5R|zx=nhE0pdOVl3uzAGtUAKf1ohHUL29TBwxWBdaVrgMSnJ5R
161,即影!AV面接3後~夜まよいMayui最新HEYZO0747,日本地区,制服丝袜,2014-12-26,xfplay://dna=DwMfAxL4AZmZmde0A0EdD0IdAGi1DZp3EHAfAdx4Axe5AHiZDZqgEt|dx=288884474|mz=heyzo_hd_0747_full.rmvb|zx=nhE0pdOVl2D0lwIZrNxUozI0BwxWBdaVrgMSnJ5R|zx=nhE0pdOVl3uzAGtUAKf1ohHUL29TBwxWBdaVrgMSnJ5R
161,透明泳引男人犯罪的身~ルカ-最新1000人141208,日本地区,亚洲风情,2014-12-26,xfplay://dna=AwiYmGtWAxEfAwqeA0L2meEbEda1EGDYD0IcD0Abm0D2m0H0DZqbAW|dx=142430808|mz=141208-HD.rmvb|zx=nhE0pdOVl2D0lwIZrNxUozI0BwxWBdaVrgMSnJ5R|zx=nhE0pdOVl3uzAGtUAKf1ohHUL29TBwxWBdaVrgMSnJ5R
161,乘位役女生的S○X想ナナ-最新1000人141210,日本地区,亚洲风情,2014-12-26,xfplay://dna=BdpZmdi5mxEeDxmYEdaXDGD1mwIbmdiXmee5AZqgD0DYEGx0m0H4DD|dx=84314638|mz=141210-HD.rmvb|zx=nhE0pdOVl2D0lwIZrNxUozI0BwxWBdaVrgMSnJ5R|zx=nhE0pdOVl3uzAGtUAKf1ohHUL29TBwxWBdaVrgMSnJ5R
161,熟女美尻後入中出~泉真希-最新pacopacomama121314_309,日本地区,亚洲风情,2014-12-26,xfplay://dna=DwHXEGjbmZaWDZDXAdueEwIfmZmXmGAbm0IgEwMfmGaZmejbAeeZAa|dx=315894139|mz=121314_309-paco.rmvb|zx=nhE0pdOVl2D0lwIZrNxUozI0BwxWBdaVrgMSnJ5R|zx=nhE0pdOVl3uzAGtUAKf1ohHUL29TBwxWBdaVrgMSnJ5R
161,食牝小林麻衣TokyoHotk1093,日本地区,亚洲风情,2014-12-26,xfplay://dna=mwtZmwMcDGHWBeH2ExMcBdL1A0jcDwm3DZqeEGtZmZpXAGqgAZp1AD|dx=222511728|mz=k1093.rmvb|zx=nhE0pdOVl2DZlwIZrNxUozI0BwxWBdaVrgMSnJ5R|zx=nhE0pdOVl3uzAGtUAKf1ohHUL29TBwxWBdaVrgMSnJ5R
